run,arch,n_days,IC,RankIC,ICIR,RMSE,R2,R2_zero,Sharpe,hit_rate,ann_return
20260804_1833_opt_p70_ef_s314,baseline_early_fusion,246,0.1431386630228888,0.13066202090592335,0.3672601232897716,0.03704275148568362,-1.8217074617938738,-1.816876359975773,4.785047632356451,0.5975609756097561,1.2838594973905035
20260804_1830_opt_p70_ef_s7,baseline_early_fusion,246,0.13614340388456245,0.11977351916376307,0.3360457940214527,0.031026794838328507,-0.9796086304748894,-0.9762193029193902,3.911085498120808,0.5934959349593496,1.0591256417214805
20260804_1831_opt_p70_ef_s123,baseline_early_fusion,246,0.12533853525661626,0.11904761904761904,0.30163180370513687,0.026997241777256317,-0.4988021329199497,-0.4962360037916238,4.142553019338513,0.5813008130081301,1.1951164631371758
20260804_1751_opt_p70_ef_r1,baseline_early_fusion,246,0.11793203007529166,0.13501742160278743,0.27826532904858914,0.028486001889288723,-0.6686625076460517,-0.6658055571706256,5.2780257835630495,0.6138211382113821,1.5960130567418207
20260804_1832_opt_p70_ef_s2026,baseline_early_fusion,246,0.10769462828166332,0.10351335656213706,0.271071010491214,0.04132740885099963,-2.5122212324119455,-2.5062078881474443,3.2824602683190705,0.5772357723577236,0.8929255569762552
20260720_0011_opt_p67_rep_s42_a,magnet,246,0.07260129680770606,0.07810685249709641,0.18921102926552413,0.022113379599193867,-0.005577975670205904,-0.0038563054927402973,1.3992182047947783,0.556910569105691,0.3668926869456574
20260608_2354_opt_p2_variance_penalty,?,246,0.07231892678226136,0.08667247386759583,0.19661560861267838,0.02259418590243528,-0.04978147839793512,-0.04798412651877437,3.0464740542943987,0.556910569105691,0.8343249944651977
20260715_1513_opt_p40_wfree_seed123,magnet_weak_free,246,0.06124847173066857,0.06126596980255516,0.15347048477226494,0.022162708964033922,-0.010069360643295555,-0.008340000675728376,2.1419879569921987,0.5650406504065041,0.5874591066456595
20260719_0036_opt_p65_fig1_lr1e3,magnet,246,0.05643407447392442,0.0624274099883856,0.14701604869943088,0.022077832236665533,-0.0023476314304506918,-0.0006314919900090032,1.3794991216587225,0.5691056910569106,0.3892300942083575
20260715_1416_opt_p35_magnet_weak_free,magnet_weak_free,246,0.05590204810881934,0.06968641114982578,0.14814932497412756,0.022652978249605753,-0.05525186065266263,-0.053445142822561076,1.762500661236865,0.532520325203252,0.4589871036189756
20260719_0044_opt_p66_fig1_lr5e4,magnet,246,0.050033064940416296,0.060540069686411145,0.13133364785928567,0.022253903312654616,-0.018398859393844003,-0.016655238324762234,0.9365521546436351,0.524390243902439,0.23969536661397492
20260620_1658_opt_p5_mse_var,?,246,0.04895737381930421,0.04210220673635307,0.12495613197554607,0.022121594867434265,-0.0063252723278954814,-0.004602322688866067,-0.020324294201015773,0.47560975609756095,-0.005969121967011954
20260620_1651_opt_p4_mse_only,?,246,0.0390204132407045,0.06445993031358883,0.0978894623108262,0.022129743963987297,-0.007066823949542833,-0.005342604685140806,2.780961328205524,0.5487804878048781,0.7852004707915833
20260804_1839_opt_p71_lstm_s123,baseline_lstm,246,0.03547659519644381,0.017276422764227656,0.09226982715371566,0.027234087055769265,-0.5252153005881977,-0.5226039489468823,-0.757755565908076,0.524390243902439,-0.21169725930738462
20260621_1446_opt_p14_sched,?,246,0.03509693287807826,0.02874564459930314,0.08975492785936165,0.02223923537554388,-0.017056812802977772,-0.015315489478723299,1.3621649103197995,0.508130081300813,0.37835246341291545
20260702_2119_opt_p20_adv_alstm,adv_alstm,246,0.03438910652883808,0.036295005807200936,0.08598523730504076,0.022432023364913563,-0.03476661354015409,-0.03299496891161913,1.57678370578612,0.5650406504065041,0.40899018998961906
20260715_1455_opt_p37_magnet_seed7,magnet,246,0.03317460924391261,0.036004645760743324,0.0833191014419509,0.022337369611925548,-0.026052473103352458,-0.024295748129061545,1.4189231761092072,0.5487804878048781,0.40560050641197837
20260703_0027_opt_p22_man_sf,man_sf,246,0.032993982282203946,0.04123112659698026,0.08453580544868111,0.024245154075255664,-0.20880266081508125,-0.20673304558690453,0.9482190422073136,0.5203252032520326,0.2822567100562836
20260718_2348_opt_p56_advalstm_s123,adv_alstm,246,0.03254097210807061,0.04108594657375145,0.07856936659425856,0.02308688831375662,-0.09606501176746063,-0.09418841692451374,1.6776825089623277,0.5650406504065041,0.43874794487250685
20260620_1747_opt_p10_var_10,?,246,0.03190342335125741,0.04384436701509873,0.08103019841645948,0.023363228064994187,-0.12246086344525886,-0.12053907573637623,1.2475629346804837,0.532520325203252,0.3501591007111632
20260719_0002_opt_p62_hgt_s123,hgt,246,0.03186210519064022,0.032229965156794424,0.07430644611870503,0.022055766151981196,-0.00034500414151361625,0.0013677065606666483,1.3453030890277513,0.483739837398374,0.41330739390672816
20260804_1840_opt_p71_lstm_s314,baseline_lstm,246,0.03081412865036388,0.0542973286875726,0.07322630590744948,0.028027090313403853,-0.615331032746383,-0.6125653921564918,1.7134416942606172,0.524390243902439,0.5149021835219698
20260710_2144_opt_p30_dl_lr5e4_pat20,delta_lag,246,0.029597787073762222,0.011033681765389084,0.07404227129261168,0.02510484457785777,-0.29604650323531834,-0.2938275160784629,0.23101114652637056,0.5,0.06045596655912513
20260710_2143_opt_p29_dl_lr5e4_pat15,delta_lag,246,0.029597787073762222,0.011033681765389084,0.07404227129261168,0.02510484457785777,-0.29604650323531834,-0.2938275160784629,0.23101114652637056,0.5,0.06045596655912513
20260804_1835_opt_p71_lstm_s42,baseline_lstm,246,0.028251656213930974,0.014227642276422762,0.07403351723613744,0.022155372703490727,-0.009400768589495678,-0.007672553331764753,0.4977737442840374,0.516260162601626,0.14587781470121364
20260717_2348_opt_p49_ma_lr5e4_s42,magnet,246,0.028126526809661368,0.032229965156794424,0.06926463015651863,0.02208475276701253,-0.0029761228810900597,-0.0012589073878574997,-0.3625140369082429,0.5365853658536586,-0.10475716224826243
20260620_1706_opt_p6_mse_rank,?,246,0.027954807184743736,0.019599303135888497,0.07295983610640543,0.022158339989806944,-0.009671166357276162,-0.0079424881461152,0.029277255475718723,0.4959349593495935,0.00806038466100513
20260717_2332_opt_p47_raw_lr5e4_s7,magnet,246,0.027925295493335497,0.03861788617886179,0.07269720873981868,0.022405587609170587,-0.03232914114652785,-0.03056166976326069,-0.05981172819509582,0.4959349593495935,-0.016134902139240223
20260703_0046_opt_p23_hgt,hgt,246,0.027695692434109326,0.021051103368176546,0.06800785497149932,0.022506324343812424,-0.041632824558049286,-0.03984942415221249,0.9360363571431061,0.5203252032520326,0.2897948368577423
20260710_2122_opt_p25_hgt_lr1e3_pat20,hgt,246,0.02732789410853058,0.019599303135888507,0.0669970121738488,0.022508187626179232,-0.04180530375865721,-0.04002160804772914,0.9519211278338935,0.5203252032520326,0.2947220460784326
20260718_0042_opt_p53_noa12_lr5e4_s7,magnet_no_a12,246,0.025637077749533044,0.028019744483159116,0.06338559246336069,0.022111951544185847,-0.0054481018723595565,-0.003726654054422518,-0.5277893253572544,0.4796747967479675,-0.15450495610683748
20260717_1546_opt_p44_ma_lr1e3_s7,magnet,246,0.024781448281595845,0.03048780487804878,0.0608300962459165,0.02206557891986365,-0.0012353234257058698,0.0004789116099395141,-0.5931078267504055,0.524390243902439,-0.17252594832240192
20260712_1609_opt_p34_meig_lr5e4_pat20,meig,246,0.02330019508627098,0.02047038327526131,0.05897986919631456,0.022378157480599806,-0.029803022393315448,-0.02803987602852276,-0.35462794493904626,0.5121951219512195,-0.10071815848464095
20260712_1608_opt_p33_meig_lr5e4_pat15,meig,246,0.02330019508627098,0.02047038327526131,0.05897986919631456,0.022378157480599806,-0.029803022393315448,-0.02803987602852276,-0.35462794493904626,0.5121951219512195,-0.10071815848464095
20260718_2352_opt_p58_mansf_s123,man_sf,246,0.02230421335243447,0.027874564459930303,0.05333516824377307,0.022498325588343884,-0.04089256279268194,-0.03911042980382895,0.6736653088214848,0.516260162601626,0.22467509069956998
20260718_2349_opt_p57_mansf_s7,man_sf,246,0.021648717848543487,0.02627758420441347,0.052745789324364446,0.023291736182788812,-0.11560187450354587,-0.1136918302069041,1.0621630610203703,0.5650406504065041,0.34030536899808794
20260710_1813_opt_p24_delta_lag,delta_lag,246,0.019980350814750764,0.02177700348432056,0.04920546788681395,0.024337386399685742,-0.2180170995231725,-0.21593170807006867,-0.6761852978856744,0.4715447154471545,-0.19498476332973544
20260710_2141_opt_p28_dl_lr1e3_pat20,delta_lag,246,0.019980350814750764,0.02177700348432056,0.04920546788681395,0.024337386399685742,-0.2180170995231725,-0.21593170807006867,-0.6761852978856744,0.4715447154471545,-0.19498476332973544
20260718_2355_opt_p60_dl5e4_s123,delta_lag,246,0.019956161382733897,0.023228803716608598,0.051190301312975965,0.029793149017580567,-0.8253171247566504,-0.822191962776033,0.48396385504735606,0.5203252032520326,0.1334871919996032
20260804_1839_opt_p71_lstm_s2026,baseline_lstm,246,0.019751704549739298,0.03440766550522648,0.04797184820833247,0.022591068024149015,-0.04949176979269221,-0.04769491392943248,1.0267901522813416,0.516260162601626,0.3054897720221334
20260702_2316_opt_p21_hats,hats,246,0.018947963667614063,-0.006678281068524969,0.04972736370371523,0.02358835893093787,-0.1441974241668722,-0.1422384208573495,-0.7711939912980137,0.516260162601626,-0.22885162395527295
20260804_1837_opt_p71_lstm_s7,baseline_lstm,246,0.017720885262083406,0.050958188153310116,0.04386564887719962,0.026536347782141506,-0.44806418184951413,-0.44558492218266954,1.5127574563038773,0.5528455284552846,0.4539591609500337
20260718_0050_opt_p54_noa12_lr5e4_s123,magnet_no_a12,246,0.016873923538194648,0.040214866434378625,0.04102776833142409,0.022046000849003267,0.0005406154661581342,0.002251809881283595,1.2484037858135317,0.516260162601626,0.356956998618865
20260717_2340_opt_p48_raw_lr5e4_s123,magnet,246,0.016420683000997496,0.010017421602787452,0.040253091147308906,0.022111082209010906,-0.005369044696636793,-0.0036477322340724427,-0.6724396072775386,0.5121951219512195,-0.20270029196186357
20260720_0024_opt_p68_rep_s42_b,magnet,246,0.016193401783073942,-0.019308943089430895,0.04162313124815761,0.022295920389329888,-0.022248120163580243,-0.020497908698096534,-1.2889405227754018,0.45934959349593496,-0.3509943210576638
20260710_2130_opt_p26_hgt_lr5e4_pat15,hgt,246,0.015423306199647754,-0.0010162601626016233,0.03815614343352465,0.022597853422756473,-0.05012231009666479,-0.04832437467273132,-1.088703628000725,0.4796747967479675,-0.3139656180652174
20260717_2319_opt_p46_raw_lr5e4_s42,magnet,246,0.014869781342746096,-0.005371660859465746,0.03559694107202701,0.02204927422583702,0.00024379518558714786,0.0019554977926553585,-0.026343804644878385,0.491869918699187,-0.007996906208373612
20260719_0009_opt_p63_meig5e4_s7,meig,246,0.01463905632518489,0.027584204413472705,0.03514299185839491,0.02250301664443556,-0.041326674605664415,-0.03954379836528821,-0.7449288972210346,0.5284552845528455,-0.22103049282393486
20260718_2356_opt_p61_hgt_s7,hgt,246,0.013525463300752575,-0.009291521486643434,0.03517460310534963,0.022128050122244725,-0.006912665225960346,-0.005188709899794253,-0.46161772008729035,0.4878048780487805,-0.1347517488955901
20260608_2234_opt_p1_loss_reweight,?,246,0.013438730442002994,-0.004790940766550527,0.03584182451769664,0.02208756589261581,-0.0032316546083221986,-0.0015140016141050872,-2.164998623387614,0.45528455284552843,-0.6135458608368053
20260720_0030_opt_p69_rep_s42_c,magnet,246,0.013131194703737657,-0.019454123112659698,0.03349846573864421,0.022312796247893073,-0.02379619202431682,-0.02204333007401771,-0.9949704235777301,0.45121951219512196,-0.26806243186498546
20260607_1634_full,?,246,0.010954256526350147,-0.0023228803716608603,0.02626738984087085,0.022546804128196683,-0.04538314739757632,-0.04359332598894827,-1.1633273095511034,0.4634146341463415,-0.29005320513019034
20260710_2135_opt_p27_hgt_lr5e4_pat20,hgt,246,0.010655017609371351,-0.0078397212543554,0.026007167292557337,0.022580669884840854,-0.04852587918768325,-0.04673067704505951,-0.9422299599075505,0.4796747967479675,-0.27190304621940503
20260717_1535_opt_p43_ma_lr1e3_s42,magnet,246,0.009430156684770851,0.03150406504065041,0.02251758254237337,0.02206587426657196,-0.0012621265779944046,0.00045215434786438635,-0.785468260168908,0.508130081300813,-0.2268911169660174
20260607_1631_sanity,?,246,0.009228156643512982,0.0001451800232288005,0.020994600877276014,0.024534213632705807,-0.2377980545561471,-0.23567879573404138,-0.59948605530703,0.483739837398374,-0.1896061810761374
20260718_2346_opt_p55_advalstm_s7,adv_alstm,246,0.007228539129612135,0.0033391405342624862,0.018165249166886475,0.02206547672017445,-0.001226048735721852,0.00048817042054127846,-0.6674355235060339,0.5487804878048781,-0.2004150404770878
20260715_1801_opt_p42_wind_seed123,magnet_weak_industry,246,0.003986049909106497,-0.001596980255516838,0.00982017300300121,0.022205861226543364,-0.01400653379719996,-0.012270432916678509,-1.3462033368509567,0.4796747967479675,-0.3993325190584561
20260717_1604_opt_p45_ma_lr1e3_s123,magnet,246,0.0030481556879181824,0.013356562137049938,0.007827560678967047,0.023582561831121465,-0.14363509495802895,-0.141677054423599,0.33961980977702283,0.516260162601626,0.09830126153566414
20260623_1631_opt_p19_ablation_no_a12,magnet_no_a12,246,0.002569869657899654,0.028890824622531935,0.006404004057447898,0.022064357248579816,-0.0011244587539520623,0.000589586468069947,-0.3749914258816691,0.508130081300813,-0.10621255698682099
20260715_1424_opt_p36_magnet_weak_industry,magnet_weak_industry,246,0.001992855239995368,0.015969802555168406,0.0049604433114488035,0.024880079417864485,-0.2729432286159812,-0.27076379703798326,0.8441532415745442,0.508130081300813,0.23582392956539014
20260623_1628_opt_p18_baseline_tw_gnn,baseline_tw_gnn,246,0.0017943096251588253,0.003919860627177699,0.004322720912810002,0.02426365314537649,-0.21064799915539334,-0.20857522448651178,-0.7299984577578456,0.5040650406504065,-0.19421458170499373
20260718_2354_opt_p59_dl5e4_s7,delta_lag,246,0.0012185319047311122,0.006097560975609755,0.002873659004759071,0.02282585455384679,-0.07141963690716535,-0.06958523790376159,-0.9159306252624525,0.4796747967479675,-0.2786319773933826
20260621_1502_opt_p16_sched_icir,?,246,-0.0011873374878262758,0.009581881533101041,-0.002950616442955613,0.022437635014460076,-0.03528439776480452,-0.0335118666275358,-0.5191131687552313,0.47560975609756095,-0.14382485871021533
20260715_1509_opt_p39_wfree_seed7,magnet_weak_free,246,-0.0022335431005213752,0.01495354239256678,-0.005563293681164649,0.02279557816890578,-0.06857924380754654,-0.06674970789801549,1.6703672385259647,0.532520325203252,0.4650981236169696
20260712_1606_opt_p31_meig,meig,246,-0.0023192303718677925,0.009727061556329847,-0.005845698897701605,0.02229465210657576,-0.022131824198801553,-0.020381811845966658,-0.04826540661655855,0.5,-0.014039912914129784
20260712_1607_opt_p32_meig_lr1e3_pat20,meig,246,-0.0023192303718677925,0.009727061556329847,-0.005845698897701605,0.02229465210657576,-0.022131824198801553,-0.020381811845966658,-0.04826540661655855,0.5,-0.014039912914129784
20260719_0010_opt_p64_meig5e4_s123,meig,246,-0.0035220358115341903,-0.0010162601626016224,-0.00795333493976753,0.022418961355457515,-0.033561889748906504,-0.031792307752085636,-1.1217461408577842,0.4959349593495935,-0.362556889667403
20260623_1627_opt_p17_baseline_lstm,baseline_lstm,246,-0.0044574730807703895,-0.03716608594657376,-0.011284222315703406,0.024312953003354076,-0.2155726829211515,-0.21349147660263368,-1.8221885627168057,0.47560975609756095,-0.5258673564644477
20260715_1500_opt_p38_magnet_seed123,magnet,246,-0.005374946398916954,0.017421602787456445,-0.01275747607826985,0.022164103271350485,-0.010196456243680263,-0.008466878673191847,-1.708319868509114,0.5121951219512195,-0.5161736893308603
20260718_0034_opt_p52_noa12_lr5e4_s42,magnet_no_a12,246,-0.00624776374701086,-0.0029036004645760756,-0.014597403036842918,0.022069749831731614,-0.0016138731111965399,0.0001010100469414077,-0.8739025718971137,0.5040650406504065,-0.27108889603533076
20260621_1453_opt_p15_icir,?,246,-0.009985949742827798,-0.012340301974448312,-0.024776321243769505,0.02212234875599677,-0.0063938632269480156,-0.004670796152067558,-1.9055561551191862,0.47560975609756095,-0.5684312672819944
20260715_1756_opt_p41_wind_seed7,magnet_weak_industry,246,-0.0114202291614479,0.010888501742160276,-0.030651728564179602,0.02462144714206423,-0.2466158981918698,-0.24448154216319784,0.04621932231489292,0.45934959349593496,0.012578279841917839
20260620_1737_opt_p8_var_02,?,246,-0.015344725286175486,-0.02409988385598141,-0.0387802738754404,0.022347673745670153,-0.026999318738190503,-0.02524097265053804,-1.9907484935332367,0.46747967479674796,-0.6408668305418206
20260620_1742_opt_p9_var_05,?,246,-0.024616462325574035,-0.02497096399535425,-0.05929440973738526,0.022990649977624462,-0.08694610269674685,-0.0850851205205232,-1.815877557793628,0.45528455284552843,-0.5487775148698917
20260620_1732_opt_p7_var_005,?,246,-0.028415639349548404,-0.01713124274099884,-0.07188435663695397,0.023486232265344593,-0.13431118254831742,-0.13236910567092997,-1.4786837070789054,0.4634146341463415,-0.4136995935823942
20260718_0010_opt_p51_ma_lr5e4_s123,magnet,246,-0.03095194038349596,-0.04282810685249709,-0.07834005470907737,0.022116161203085537,-0.005830971420618614,-0.004108868084065298,-2.2701540590561304,0.45121951219512196,-0.6589670185647081
20260717_2359_opt_p50_ma_lr5e4_s7,magnet,246,-0.046996278227183205,-0.04573170731707317,-0.1280664141914202,0.022104750666280447,-0.004793349159394111,-0.0030730223566810544,-2.7010421454787035,0.4715447154471545,-0.7528442060660064
ZERO_PREDICTOR,-,246,,0.008420441347270609,,0.022070864549413833,-0.0017150563960650622,0.0,-0.9319138837821986,0.508130081300813,-0.25511960095794173
